Localidades rurales que rebasan su municipio*,,,,,
* El rebase podría ser milimétrico en algunas localidades,,,,,
Localidad rural,,,,,
"MARCO GEOESTADÍSTICO, JUNIO 2018   ",,,,,
Clave concatenada,Clave de entidad,Clave de municipio,Clave de localidad,Nombre  de  localidad,Tipo
10110006,1,11,6,Borrotes,Rural
320240010,32,24,10,Ejido Hidalgo,Rural
320240008,32,24,8,Crisóstomos,Rural
20050025,2,5,25,Santa Anita,Rural
20030089,2,3,89,Paso del Águila,Rural
20030139,2,3,139,Valle de las Palmas,Rural
020030164,02,003,0164,Ejido Carmen Serdán,Rural
20050012,2,5,12,Campo Torres,Rural
20050225,2,5,225,Cumbre del Mar,Rural
20041961,2,4,1961,Ley del Servicio Civil,Rural
20041348,2,4,1348,Cuesta Blanca,Rural
30080048,3,8,48,Buenavista,Rural
40050003,4,5,3,Chunkanán,Rural
40042157,4,4,2157,Nuevo Michoacán,Rural
40091862,4,9,1862,Emiliano Zapata,Rural
40033781,4,3,3781,El Arca,Rural
40090131,4,9,131,La Esperanza,Rural
40040012,4,4,12,Profesor Graciano Sánchez,Rural
50140022,5,14,22,Santa María,Rural
50300211,5,30,211,San José de los Cerritos,Rural
190370026,19,37,26,Espinazo (Espinazo Nuevo León),Rural
50260006,5,26,6,San Alberto,Rural
50350187,5,35,187,Ricardo Flores Magón,Rural
50350174,5,35,174,Nuevo Mieleras (La Tres),Rural
50090003,5,9,3,Alamito,Rural
50330231,5,33,231,Presa de Guadalupe (Vida Nueva),Rural
50380025,5,38,25,La Maroma,Rural
50300079,5,30,79,Astillero,Rural
50240089,5,24,89,San José de la Unión,Rural
50240058,5,24,58,Notillas,Rural
50210002,5,21,2,Villa de Bucareli (La Villita),Rural
50210009,5,21,9,Nuevo Poblado de Sardinas,Rural
50170149,5,17,149,Rancho de Afuera,Rural
50170068,5,17,68,Corona,Rural
50170072,5,17,72,Las Palomas,Rural
50120021,5,12,21,Guadalupe,Rural
60030023,6,3,23,Nogueras,Rural
70030068,7,3,68,Jiquilpan (Estación Bonanza),Rural
70010038,7,1,38,El Tumbador,Rural
70320262,7,32,262,Ocho de Agosto,Rural
70510882,7,51,882,Francisco I. Madero,Rural
70590031,7,59,31,Santa María de las Flores,Rural
70520902,7,52,902,Victórico R. Grajales,Rural
70110003,7,11,3,Chemic,Rural
70100012,7,10,12,Reforma,Rural
70100004,7,10,4,El Cercadillo,Rural
70800010,7,80,10,Las Delicias,Rural
70490081,7,49,81,Chuchiltón Anexo Potobtic Dos,Rural
70460361,7,46,361,Llano Grande,Rural
70210038,7,21,38,Lázaro Cárdenas,Rural
70750036,7,75,36,San Mateo,Rural
71040110,7,104,110,Nueva Libertad,Rural
70520239,7,52,239,Plan de Agua Prieta,Rural
70990239,7,99,239,San Juan del Valle,Rural
70990221,7,99,221,San Caralampio Monte Pálido,Rural
70080025,7,8,25,Salvador Urbina,Rural
70380003,7,38,3,Carmen Yalchuch,Rural
70220032,7,22,32,Tzomoltón,Rural
70630008,7,63,8,Libertad Campesina,Rural
70340006,7,34,6,Benito Juárez,Rural
71000063,7,100,63,Arroyo Agua Azul,Rural
70590395,7,59,395,Jol Tulijá,Rural
71090233,7,109,233,El Recreo,Rural
70010159,7,1,159,Quince de Septiembre,Rural
70060044,7,6,44,Potrerillo,Rural
70550004,7,55,4,Candelaria,Rural
70780039,7,78,39,Yashitinín,Rural
70710221,7,71,221,Altamira Uno,Rural
70710231,7,71,231,San Miguel,Rural
70190088,7,19,88,El Prado,Rural
70520464,7,52,464,San Rafael,Rural
70520654,7,52,654,Nuevo Plan de Ayala,Rural
70250026,7,25,26,San Miguel Buenavista,Rural
70680099,7,68,99,Los Cascabeles,Rural
71080346,7,108,346,Josefa Ortiz de Domínguez,Rural
70130007,7,13,7,Allende Esquipulas,Rural
70140045,7,14,45,San Cayetano,Rural
70230012,7,23,12,Callejón,Rural
70030012,7,3,12,Consuelo Ulapa,Rural
70590204,7,59,204,San Quintín,Rural
70991044,7,99,1044,Nuevo Paraíso,Rural
70990472,7,99,472,José Castillo Tiélemans,Rural
70891018,7,89,1018,Dorados de Villa,Rural
70350089,7,35,89,Texcaltic,Rural
70230020,7,23,20,Chicumtantic,Rural
70890688,7,89,688,Vega de los Molinos,Rural
71030028,7,103,28,El Tarral,Rural
70650211,7,65,211,Augusto Gómez Villanueva,Rural
70651230,7,65,1230,Arroyo Jerusalén,Rural
71140058,7,114,58,Boca Lacantún,Rural
71160017,7,116,17,Quiringuicharo,Rural
71160003,7,116,3,Licenciado Adolfo López Mateos,Rural
71160015,7,116,15,Playón la Gloria,Rural
70790102,7,79,102,Tankah Pakbal,Rural
70160121,7,16,121,Cuauhtémoc,Rural
70160299,7,16,299,Cuauhtemoc Quemado,Rural
70310272,7,31,272,El Piñal,Rural
70590672,7,59,672,Nuevo Ojo de Agua,Rural
70810093,7,81,93,Las Mercedes Esperanza,Rural
70480034,7,48,34,El Triunfo 2da. Sección,Rural
70320149,7,32,149,Zacualpa Dos,Rural
70390195,7,39,195,Dieciocho de Abril,Rural
270040077,27,4,77,Corregidora Ortiz 2da. Sección,Rural
70230112,7,23,112,Rasién,Rural
70230026,7,23,26,Ichintón,Rural
70380013,7,38,13,Lázaro Cárdenas (Chilil),Rural
70070034,7,7,34,San Vicente la Piedra,Rural
70390048,7,39,48,El Ocotal,Rural
70220005,7,22,5,Joltealal,Rural
70450045,7,45,45,Jana 2da. Sección,Rural
70270017,7,27,17,Felipe Carrillo Puerto,Rural
70350099,7,35,99,Ignacio Zaragoza,Rural
70370137,7,37,137,Tepehuitz,Rural
71020003,7,102,3,Silvano Gatica,Rural
70330004,7,33,4,Azapac Amatal,Rural
70230041,7,23,41,Las Ollas,Rural
70380011,7,38,11,Jocosic,Rural
70780157,7,78,157,Campo Grande,Rural
70770516,7,77,516,Primero de Enero,Rural
70770264,7,77,264,Nueva Preciosa (Bulujib),Rural
71090030,7,109,30,Lázaro Cárdenas,Rural
70090752,7,9,752,Eben Ezer,Rural
70940013,7,94,13,Los Llanitos,Rural
70190026,7,19,26,Corrala,Rural
70410572,7,41,572,Santa Martha,Rural
70770094,7,77,94,El Tortuguero 1ra. Sección,Rural
70120306,7,12,306,La Libertad,Rural
70890094,7,89,94,Hermosillo,Rural
70550005,7,55,5,Los Hules,Rural
70570005,7,57,5,Nueva Independencia (Ampliación Calera),Rural
70830129,7,83,129,El Sabinal,Rural
70830129,7,83,129,El Sabinal,Rural
70830191,7,83,191,Miramar,Rural
70940016,7,94,16,Nuevo León,Rural
70070052,7,7,52,Benito Juárez,Rural
70750045,7,75,45,Zacualpa,Rural
71082321,7,108,2321,Nueva Esperanza,Rural
70310439,7,31,439,Tzajalá,Rural
70230065,7,23,65,La Ventana,Rural
71160013,7,116,13,Nuevo Paraíso,Rural
70520312,7,52,312,Santa Margarita Agua Azul,Rural
70520206,7,52,206,La Fortuna Gallo Giro,Rural
70520335,7,52,335,San Mateo Zapotal,Rural
70730007,7,73,7,Manzanillo Pinabeto,Rural
80110092,8,11,92,Maravillas,Rural
80540022,8,54,22,Campo Cincuenta y Cinco (La Cordovana),Rural
80060014,8,6,14,El Porvenir,Rural
80040004,8,4,4,San Guillermo (Santa Elena),Rural
80660233,8,66,233,Las Trojas,Rural
80620350,8,62,350,Ampliación Colonia Altamirano,Rural
80120025,8,12,25,Ranchería Guahuachérare,Rural
80200450,8,20,450,Guasachi,Rural
80380012,8,38,12,Colonia Esperanza,Rural
80210371,8,21,371,Colonia Terrazas,Rural
80540178,8,54,178,La Nueva Paz,Rural
80540047,8,54,47,Campo Ochenta y Cuatro,Rural
80450007,8,45,7,Estación Consuelo,Rural
80110138,8,11,138,Rancho Viejo,Rural
320290009,32,29,9,Colonia Veinte de Noviembre (Santa Ana),Rural
50090010,5,9,10,Buenavista de Arriba,Rural
100120026,10,12,26,La Mina (El Sarnoso),Rural
100120560,10,12,560,Dolores (La Borrega),Rural
100170028,10,17,28,Ojos Azules (Campo Alegre),Rural
50170072,5,17,72,Las Palomas,Rural
100060016,10,6,16,San Luis de Corea,Rural
100220003,10,22,3,Los Ángeles,Rural
100220009,10,22,9,La Joya,Rural
100010100,10,1,100,La Plazuela (El Rayo),Rural
100190173,10,19,173,Bajío de Vacas (Bajío de Atocha),Rural
100190135,10,19,135,Macho Bayo,Rural
100140005,10,14,5,La Joya de Atotonilco (Atotonilco),Rural
100190135,10,19,135,Macho Bayo,Rural
250050065,25,5,65,Higuera Larga,Rural
100130177,10,13,177,Estación Yermo,Rural
100070302,10,7,302,El Barro 33 (El Treinta y Tres),Rural
100160047,10,16,47,Revolución Social,Rural
100010127,10,1,127,La Soledad,Rural
110160017,11,16,17,Paso de Carretas,Rural
110140729,11,14,729,La Luz,Rural
110090012,11,9,12,Guadalupe (San Antonio de Guadalupe),Rural
110110050,11,11,50,Santa Fe de la Purísima,Rural
110190073,11,19,73,El Rosario,Rural
160310075,16,31,75,Fracción Salitrillo [Ejido Nuevo Coroneo],Rural
110320152,11,32,152,Fátima,Rural
110290083,11,29,83,Ranchito de los Hernández,Rural
110010040,11,1,40,Las Estacas,Rural
110150261,11,15,261,Cerrito Frío,Rural
110260424,11,26,424,El Tejamanil,Rural
110270151,11,27,151,Sotelo,Rural
110370227,11,37,227,Mangas de la Estancia,Rural
110370089,11,37,89,El Refugio de los Sauces,Rural
110260446,11,26,446,Fraccionamiento Campestre Lomas del Sur,Rural
110410061,11,41,61,Bugambilia,Rural
110170547,11,17,547,El Capulín de Yóstiro,Rural
110200409,11,20,409,Puerta del Cerro,Rural
110201384,11,20,1384,Fraccionamiento Campestre Lomas del Sur,Rural
110170154,11,17,154,San Juan Temascatío,Rural
110350008,11,35,8,El Carmen de Arriba,Rural
110420113,11,42,113,San Manuel Quiriceo,Rural
110390026,11,39,26,Panales Jamaica (Cañones),Rural
110020056,11,2,56,Providencia de San Agustín,Rural
110140674,11,14,674,Carboneras,Rural
110220244,11,22,244,San José del Carmen Sur,Rural
110200410,11,20,410,Puerta de San Germán (Morelos),Rural
110200424,11,20,424,San José del Resplandor (El Capricho),Rural
110080035,11,8,35,Charco Prieto,Rural
110130032,11,13,32,Morisquillas,Rural
110430076,11,43,76,Salitrera,Rural
110070078,11,7,78,Los Aguirre,Rural
110200439,11,20,439,San Isidro de los Sauces,Rural
110260015,11,26,15,El Escoplo,Rural
160500035,16,50,35,El Moral,Rural
110020012,11,2,12,La Concepción,Rural
110210021,11,21,21,La Soledad,Rural
110270035,11,27,35,Buenavista de Valtierra,Rural
110460003,11,46,3,La Angostura,Rural
110450011,11,45,11,San Miguel de las Casitas,Rural
110270114,11,27,114,Godoy,Rural
110420007,11,42,7,El Borrego,Rural
110420010,11,42,10,Cahuageo,Rural
160540003,16,54,3,La Cruz del Niño,Rural
110410015,11,41,15,Lagunilla del Encinal,Rural
120450029,12,45,29,Las Juntas,Rural
120540113,12,54,113,El Remance,Rural
120580297,12,58,297,Miahuatepec,Rural
120580036,12,58,36,Cruz Blanca,Rural
120030033,12,3,33,Nanche Colorado (El Nanche),Rural
120520096,12,52,96,Mixtecapa,Rural
120720005,12,72,5,Ayotoxtla,Rural
120320075,12,32,75,Puerto Gallo [Campamento],Rural
120560052,12,56,52,El Zanate,Rural
120360008,12,36,8,La Reforma,Rural
120350015,12,35,15,Platanillo,Rural
170170010,17,17,10,El Zapote,Rural
120350003,12,35,3,Colonia Álvaro Obregón,Rural
120260013,12,26,13,San Luis,Rural
120250012,12,25,12,El Líbano,Rural
120410075,12,41,75,Xkua Xtuti,Rural
120110056,12,11,56,La Remonta (La Remonta Grande),Rural
120110147,12,11,147,Colonia Vicente Guerrero,Rural
120730105,12,73,105,Pandacuareo,Rural
120060070,12,6,70,Pueblo Nuevo Santa María,Rural
120500011,12,50,11,Placeritos,Rural
120740017,12,74,17,Topiltepec,Rural
120510010,12,51,10,Huehuecoyotla,Rural
120180023,12,18,23,Las Peñas,Rural
120580324,12,58,324,Nueva Esperanza,Rural
120290097,12,29,97,Colonia General Heliodoro Castillo (Chicahuales),Rural
120700005,12,70,5,Tehuaxtitlán,Rural
120080041,12,8,41,San Juan Teocalcingo,Rural
120080014,12,8,14,Tuzantlán,Rural
120170014,12,17,14,El Municipio (Tijuanita),Rural
120130049,12,13,49,Quetzalapa,Rural
120550040,12,55,40,San Miguel Guerrero (San Miguel),Rural
120480220,12,48,220,Barra de Potosí,Rural
120290030,12,29,30,Carrizal de la Vía,Rural
120320057,12,32,57,Ojo de Agua (Ojo de Agua del Progreso),Rural
120320042,12,32,42,Izotepec,Rural
120520096,12,52,96,Mixtecapa,Rural
120520107,12,52,107,Cruz Alta,Rural
120810041,12,81,41,13 de Septiembre,Rural
120620009,12,62,9,El Limón Guadalupe,Rural
120360024,12,36,24,Chimalapa,Rural
120580115,12,58,115,Yerbabuena,Rural
120390044,12,39,44,San Juan del Reparo Norte (San Juan del Reparo),Rural
120390056,12,39,56,Chacalapa de Bravos,Rural
120010242,12,1,242,Bella Vista Papagayo,Rural
120010493,12,1,493,La Arena,Rural
120600037,12,60,37,Tepacoya,Rural
120480068,12,48,68,Coyuquilla Norte,Rural
120140010,12,14,10,Llano de la Puerta,Rural
120070111,12,7,111,La Concordia,Rural
120350002,12,35,2,Ahuehuepan,Rural
120340007,12,34,7,Atetetla,Rural
120750002,12,75,2,Ahuelicán,Rural
120280168,12,28,168,El Pinoral,Rural
120440053,12,44,53,La Villita,Rural
120760048,12,76,48,El Capulín,Rural
120670009,12,67,9,Hacienda Nueva,Rural
120240014,12,24,14,Cuescomapa,Rural
120040014,12,4,14,Petlacalancingo,Rural
120030042,12,3,42,San Jerónimo el Grande,Rural
120660030,12,66,30,Xalatzala,Rural
120040003,12,4,3,Ahuejutla,Rural
120660028,12,66,28,Tototepec (Yozononi),Rural
120040014,12,4,14,Petlacalancingo,Rural
120620065,12,62,65,San José,Rural
120100108,12,10,108,Vicente Guerrero,Rural
120420006,12,42,6,La Esperanza,Rural
120120092,12,12,92,Plan de Gatica,Rural
120280208,12,28,208,Buena Vista de las Pilas,Rural
120770007,12,77,7,La Ceniza (Loma de Romero),Rural
130040014,13,4,14,Ejido de Loma Ancha,Rural
130240042,13,24,42,San Miguel Cacaloapan,Rural
130240034,13,24,34,Santo Domingo Agua Zarca,Rural
130160010,13,16,10,Chacalapa,Rural
130550014,13,55,14,Santa Mónica,Rural
130090004,13,9,4,Fray Francisco,Rural
130090003,13,9,3,Chimilpa,Rural
130010007,13,1,7,Buena Vista,Rural
130350005,13,35,5,Cañada de Flores,Rural
130520002,13,52,2,Benito Juárez,Rural
130580009,13,58,9,Danghu,Rural
130170015,13,17,15,San Juan el Sabino,Rural
130610029,13,61,29,20 de Noviembre [Colonia],Rural
130030015,13,3,15,La Loma,Rural
130250025,13,25,25,Ixtlahuac,Rural
130370044,13,37,44,Santa Mónica Autempa,Rural
130360030,13,36,30,Llano de las Palmas,Rural
130240035,13,24,35,Santo Tomás Allende,Rural
130760087,13,76,87,Cerrito del Tepeyac,Rural
130630025,13,63,25,Benito Juárez,Rural
130800030,13,80,30,Huexoapa,Rural
130430004,13,43,4,Bocua,Rural
130710038,13,71,38,El Palmar,Rural
130300031,13,30,31,Nequeteje,Rural
130300144,13,30,144,Puerto Bangandhó,Rural
130020005,13,2,5,La Mesa,Rural
130560007,13,56,7,Tilhuacán,Rural
130560008,13,56,8,Ventoquipa,Rural
130060033,13,6,33,San Pablo Oxtotipan,Rural
130440013,13,44,13,El Jagüey,Rural
130490027,13,49,27,El Limoncito,Rural
130060007,13,6,7,Cerro Azul,Rural
130410011,13,41,11,Tepeitic,Rural
130370069,13,37,69,San Antonio Tlaxco,Rural
130390003,13,39,3,Ciénega Larga,Rural
130510151,13,51,151,Hacienda Margarita,Rural
130410007,13,41,7,Morelos (El Nueve) [Colonia],Rural
130120006,13,12,6,La Cruz (Barrio de la Cruz),Rural
130010016,13,1,16,El Milagro San Simón,Rural
300550012,30,55,12,Chapopote Chico (Tlachinolapa),Rural
130110029,13,11,29,San Isidro,Rural
300830058,30,83,58,Poza Grande,Rural
130460031,13,46,31,La Laja,Rural
130260041,13,26,41,La Ceiba,Rural
130590020,13,59,20,Ninthí,Rural
130590019,13,59,19,La Mesilla,Rural
130440030,13,44,30,San Sebastián Tenochtitlán,Rural
130150022,13,15,22,San Clemente,Rural
130150004,13,15,4,El Bingú,Rural
130190004,13,19,4,El Dadhó,Rural
130190016,13,19,16,El Xothí,Rural
130280031,13,28,31,La Corrala,Rural
130420020,13,42,20,Tenango,Rural
130010032,13,1,32,Barrio el Yolo,Rural
130010019,13,1,19,San Antonio la Palma,Rural
130040014,13,4,14,Ejido de Loma Ancha,Rural
130810003,13,81,3,Atopixco,Rural
130810005,13,81,5,La Cumbre de Alumbres,Rural
130120015,13,12,15,Paso de Amajac,Rural
130450002,13,45,2,Agua Fría,Rural
130310011,13,31,11,Los Duraznos,Rural
130710006,13,71,6,Boca de León,Rural
130230005,13,23,5,Dengantzha,Rural
130650002,13,65,2,Juandhó,Rural
130190015,13,19,15,Tunititlán,Rural
130300011,13,30,11,Cuesta Colorada,Rural
130150018,13,15,18,El Potrero,Rural
130170012,13,17,12,San José el Marqués (Escandón),Rural
130120038,13,12,38,Agua Limpia,Rural
130240036,13,24,36,San Lorenzo el Zembo,Rural
130280028,13,28,28,Cochiscuatitla,Rural
130280075,13,28,75,Poxtla Coacuilco,Rural
130840026,13,84,26,Jagüey Colorado,Rural
130520004,13,52,4,La Concepción,Rural
130520070,13,52,70,La Loma,Rural
130180004,13,18,4,Arroyo Blanco,Rural
130220092,13,22,92,El Rialejo,Rural
130220019,13,22,19,San Miguel Nopalapa,Rural
130380018,13,38,18,San José Capulines,Rural
130050004,13,5,4,Ignacio Zaragoza,Rural
150360011,15,36,11,Tianguistongo,Rural
130270022,13,27,22,Loma de Buenavista,Rural
130030004,13,3,4,Boxaxni,Rural
130300050,13,30,50,Cañada Chica,Rural
130540013,13,54,13,Lagunilla,Rural
130300096,13,30,96,Ex-Hacienda de Ocotza,Rural
130030004,13,3,4,Boxaxni,Rural
130770113,13,77,113,Tollancingo,Rural
130160035,13,16,35,Tezoquipa,Rural
130010036,13,1,36,Lagunicatlán,Rural
130560003,13,56,3,Las Lajas,Rural
130560004,13,56,4,Los Romeros,Rural
130590028,13,59,28,El Salto,Rural
130060037,13,6,37,La Vega,Rural
130060030,13,6,30,San Antonio Tezoquipan,Rural
130530009,13,53,9,Calintla,Rural
130350026,13,35,26,Palo Gacho,Rural
130570021,13,57,21,Santa Ana Chichicuautla,Rural
130180017,13,18,17,Huatepango,Rural
130420007,13,42,7,Cuxhuacan,Rural
130760021,13,76,21,San Lucas Teacalco,Rural
150350011,15,35,11,San Miguel de los Jagüeyes,Rural
130170022,13,17,22,Zimapantongo,Rural
130830029,13,83,29,San Pedro Tlaquilpan,Rural
130410011,13,41,11,Tepeitic,Rural
130740004,13,74,4,Teocalco,Rural
130670013,13,67,13,El Tinaco,Rural
130340033,13,34,33,Xuchipantla,Rural
130260013,13,26,13,Chiatipán,Rural
130760029,13,76,29,Teocalco,Rural
130640014,13,64,14,El Retiro,Rural
130740004,13,74,4,Teocalco,Rural
130130002,13,13,2,San José Acoculco,Rural
130020027,13,2,27,Canales,Rural
130010002,13,1,2,Agustín Olvera [Colonia],Rural
130020012,13,2,12,San Pedro Tlachichilco,Rural
130800029,13,80,29,Crisolco,Rural
130140020,13,14,20,Tula,Rural
130420006,13,42,6,Coachula,Rural
130420012,13,42,12,Malila,Rural
130140014,13,14,14,Santa Lucía (Mesa de Santa Lucía),Rural
130360015,13,36,15,Tuzanapa,Rural
130520052,13,52,52,Nueva Tlaxiaca,Rural
130830130,13,83,130,El Mirador Sexta Sección,Rural
130660011,13,66,11,El Tejocote,Rural
130660018,13,66,18,Guadalupe [Colonia],Rural
130310020,13,31,20,Minas Viejas,Rural
130470003,13,47,3,El Aguacatito,Rural
140160053,14,16,53,La Palma (La Angostura),Rural
140900055,14,90,55,El Riego,Rural
141040020,14,104,20,Cartagena,Rural
140450043,14,45,43,La Garruña,Rural
140500014,14,50,14,San Pedro Tesistán,Rural
140730314,14,73,314,La Loma,Rural
10020034,1,2,34,Las Negritas,Rural
141010002,14,101,2,Agua Blanca,Rural
141200213,14,120,213,San Lorenzo,Rural
141080295,14,108,295,Miseria y Ánimas,Rural
140550004,14,55,4,Lo de Guevara (La Loma),Rural
141220039,14,122,39,Telcruz,Rural
140090043,14,9,43,Santa Sofía,Rural
140930285,14,93,285,San Antonio de los Franco (San Antonio),Rural
150850006,15,85,6,Calderas,Rural
150850028,15,85,28,San Mateo el Viejo,Rural
150710006,15,71,6,Encinillas,Rural
150450111,15,45,111,El Fresno,Rural
150800047,15,80,47,El Potrero (Potrero de Guadalupe),Rural
150210018,15,21,18,Llano Grande,Rural
151140105,15,114,105,Los Matorrales,Rural
151060140,15,106,140,San Isidro Ejido de Calixtlahuaca,Rural
150070025,15,7,25,El Capulín Tercera Sección (Palo Mancornado),Rural
150150002,15,15,2,Las Delicias,Rural
130130007,13,13,7,Coayuca,Rural
151020016,15,102,16,Quinto Barrio Santiaguito Maxda (Enzdá),Rural
150680006,15,68,6,San Lorenzo Tlaltecoyan (Tlaltecoyac),Rural
150610005,15,61,5,San Miguel Atepoxco,Rural
150610005,15,61,5,San Miguel Atepoxco,Rural
150550007,15,55,7,El Calvario,Rural
150400011,15,40,11,Puerta Grande,Rural
150910012,15,91,12,San Sebastián,Rural
151030004,15,103,4,San Lorenzo Tlalmimilolpan,Rural
150450010,15,45,10,Danxho,Rural
150990161,15,99,161,Puente Quebrado (Pozo San Isidro),Rural
161120048,16,112,48,Rincón del Ahorcado,Rural
150070018,15,7,18,San Sebastián el Grande,Rural
130130018,13,13,18,Praderas del Potrero,Rural
130630005,13,63,5,La Loma,Rural
130520005,13,52,5,Chapultepec de Pozos,Rural
130520023,13,52,23,Guadalupe los Manantiales [Colonia],Rural
150570293,15,57,293,Colonia Luis Donaldo Colosio (Piedra de Alesna),Rural
150870039,15,87,39,Ranchería las Lomas,Rural
151010048,15,101,48,Colonia las Granjas,Rural
130440033,13,44,33,San Sebastián de Juárez,Rural
130630008,13,63,8,Ojo de Agua,Rural
130630002,13,63,2,El Banco (El Banco Vega de Madero),Rural
150560012,15,56,12,Tlalpujahuilla,Rural
150870039,15,87,39,Ranchería las Lomas,Rural
150740126,15,74,126,Ejido del Tunal Nenaxi,Rural
150420018,15,42,18,San Francisco de Guzmán,Rural
150620004,15,62,4,Colonia Juárez (Los Chirinos),Rural
150620011,15,62,11,San Antonio el Llanito,Rural
150630010,15,63,10,Chalmita,Rural
170050007,17,5,7,Colonia Morelos,Rural
150240101,15,24,101,Fraccionamiento Parque San Mateo (Hacienda San Mateo),Rural
151120020,15,112,20,Pueblo Nuevo,Rural
150460016,15,46,16,Barrio la Cuesta,Rural
150460016,15,46,16,Barrio la Cuesta,Rural
150950043,15,95,43,Granjas Hogar y Petrohuertos Delegación,Rural
130830031,13,83,31,Venustiano Carranza,Rural
151010052,15,101,52,Colonia Campesina,Rural
150520008,15,52,8,Chalma,Rural
170150006,17,15,6,Palpan de Baranda,Rural
150870023,15,87,23,San José Buenavista el Grande,Rural
150870040,15,87,40,Llano de la Y,Rural
150150004,15,15,4,Popo Park,Rural
130440005,13,44,5,El Fresno (Casas Viejas),Rural
130440077,13,44,77,Puerto Dañu,Rural
150180033,15,18,33,Residencial Rancho el Mesón,Rural
150420006,15,42,6,La Guadalupana (El Sauco),Rural
150920107,15,92,107,Ampliación San Francisco,Rural
150820171,15,82,171,Tenería (Pueblo Nuevo),Rural
151100040,15,110,40,San Nicolás Tolentino,Rural
150450027,15,45,27,San Miguel de la Victoria,Rural
130630008,13,63,8,Ojo de Agua,Rural
150040016,15,4,16,Sexta Manzana,Rural
130750009,13,75,9,Las Pintas,Rural
130690065,13,69,65,Huitzila-Tepojaco [Corredor Industrial],Rural
151100083,15,110,83,Atesquelites (Tres Quelites),Rural
150970051,15,97,51,Las Lágrimas,Rural
151060133,15,106,133,San Carlos,Rural
151060185,15,106,185,San José la Costa,Rural
150520014,15,52,14,Pachuquilla,Rural
150240112,15,24,112,Barrio Tlatenco,Rural
150750007,15,75,7,San Antonio de las Palmas,Rural
150750010,15,75,10,Santiago Tepetitlán,Rural
130630005,13,63,5,La Loma,Rural
150600088,15,60,88,Loma de San José,Rural
150230016,15,23,16,Lomas de Guadalupe,Rural
130130018,13,13,18,Praderas del Potrero,Rural
150060002,15,6,2,Colonia Loma Linda,Rural
150280019,15,28,19,Ejido de Chiautla (Colonia Guadalupe),Rural
150110022,15,11,22,Los Hornos (El Presidio),Rural
150060005,15,6,5,Colonia la Florida (El Jagüey),Rural
150060002,15,6,2,Colonia Loma Linda,Rural
150450004,15,45,4,Aldama,Rural
150090007,15,9,7,Santa Isabel Chalma,Rural
150400004,15,40,4,Rancho San Diego,Rural
150780042,15,78,42,Frontón Vivero,Rural
150070021,15,7,21,Polvillos (San Bartolo Quinta Sección),Rural
150780042,15,78,42,Frontón Vivero,Rural
150070009,15,7,9,El Potrero,Rural
150260015,15,26,15,Macavaca (Santa Ana Macavaca),Rural
150050089,15,5,89,Río Frío (Río Frío Yebuciví),Rural
150070009,15,7,9,El Potrero,Rural
150070025,15,7,25,El Capulín Tercera Sección (Palo Mancornado),Rural
150520021,15,52,21,San Andrés Nicolás Bravo,Rural
150810007,15,81,7,San Juan Pueblo Nuevo,Rural
160920042,16,92,42,Huahuasco,Rural
150740112,15,74,112,Santa Rita de la Cuesta,Rural
150740130,15,74,130,Ejido la Virgen,Rural
160670036,16,67,36,San Isidro,Rural
161130009,16,113,9,Gildardo Magaña,Rural
160610006,16,61,6,Cerro Prieto,Rural
160140119,16,14,119,Ojo de Agua de San Telmo,Rural
160350089,16,35,89,Puerta de la Playa,Rural
160060125,16,6,125,San Juan de los Plátanos,Rural
160500089,16,50,89,El Manzano,Rural
150850075,15,85,75,Mesa de los Garnica,Rural
160200009,16,20,9,Doctor Miguel Silva (San Guillermo),Rural
110410006,11,41,6,La Cinta,Rural
161060010,16,106,10,Munguía,Rural
110100011,11,10,11,Piedra Larga,Rural
160170044,16,17,44,El Milagro,Rural
160500039,16,50,39,Las Palomas,Rural
160410023,16,41,23,San José de Magallanes,Rural
160330017,16,33,17,Tziritzícuaro,Rural
120730007,12,73,7,Alita,Rural
160340527,16,34,527,Magallanes (Los Pinos),Rural
110020054,11,2,54,La Presa de Santa Inés,Rural
160170020,16,17,20,Mogotes,Rural
161100018,16,110,18,Huajúmbaro (Huajúmbaro de Guadalupe),Rural
160800066,16,80,66,Tupátaro,Rural
160800066,16,80,66,Tupátaro,Rural
160010020,16,1,20,San Andrés Coapa,Rural
110460127,11,46,127,La Cruz del Niño,Rural
160670046,16,67,46,El Nuevo Vado Blanco (Tijuanita),Rural
160050010,16,5,10,La Salud,Rural
160440012,16,44,12,Huandacuca (Mariana),Rural
160440012,16,44,12,Huandacuca (Mariana),Rural
160320015,16,32,15,Ex-Hacienda de Charahuén,Rural
160320007,16,32,7,San Miguel Nocutzepo,Rural
160040007,16,4,7,La Estancia del Río,Rural
160440016,16,44,16,Tumbio,Rural
160400005,16,40,5,Colonia de Guadalupe,Rural
161000024,16,100,24,El Tigre,Rural
161030031,16,103,31,Fraccionamiento Loma Bonita,Rural
160380524,16,38,524,La Cuchilla,Rural
110020009,11,2,9,La Cañada,Rural
160930072,16,93,72,Rosa de Castilla,Rural
160460010,16,46,10,Landero,Rural
160090114,16,9,114,Zatzio,Rural
160120006,16,12,6,La Angostura,Rural
161080200,16,108,200,Canindo,Rural
160530467,16,53,467,Ampliación la Aldea,Rural
160790066,16,79,66,El Tarascón,Rural
160750043,16,75,43,La Higuerita (Colonia San Rafael),Rural
161120155,16,112,155,La Presa (Segunda Manzana Barrio de Santa Cruz),Rural
160730007,16,73,7,Sanambo,Rural
160680048,16,68,48,La Yerbabuena,Rural
160620020,16,62,20,Las Malvinas (El Salate),Rural
160620002,16,62,2,El Cometa,Rural
160420007,16,42,7,San Cristóbal,Rural
160860003,16,86,3,Las Cieneguitas,Rural
110020088,11,2,88,La Soledad,Rural
160460056,16,46,56,Las Mesitas,Rural
120550050,12,55,50,Teacalco,Rural
170260034,17,26,34,Colonia Joyas del Astillero,Rural
170240006,17,24,6,San Pablo Hidalgo,Rural
170210014,17,21,14,Colonia Sonora,Rural
120490016,12,49,16,Santa Teresa,Rural
170090087,17,9,87,San Martín Ajahuayo (El Reposo),Rural
170200111,17,20,111,Camino Antiguo a Tepoztlán,Rural
170180031,17,18,31,Colonia Santa Úrsula,Rural
170170065,17,17,65,Colonia Valle Bonito (Los Arcos Caídos),Rural
170180025,17,18,25,Santa Cruz Milpillas,Rural
170040017,17,4,17,Palo Blanco,Rural
170070074,17,7,74,Colonia Rodolfo López de Nava (Los Naranjos),Rural
170260004,17,26,4,Los Laureles (San José de los Laureles),Rural
170290117,17,29,117,El Fortín,Rural
170040028,17,4,28,El Vergel,Rural
170240133,17,24,133,Colonia Niños Héroes,Rural
170240006,17,24,6,San Pablo Hidalgo,Rural
170290007,17,29,7,Ignacio Bastida (Santa Catarina Tlayca),Rural
170020039,17,2,39,Rancho Temecatitla,Rural
170240134,17,24,134,Fraccionamiento Bonanza (Condominios Pontevedra),Rural
170240004,17,24,4,Barranca Honda,Rural
170260059,17,26,59,Colonia el Partidor (El Capulín),Rural
170260007,17,26,7,El Ahuehuete,Rural
170260010,17,26,10,Jardines de Tlayacapan,Rural
170330004,17,33,4,Popotlán (Barrio Santo Tomás),Rural
180160050,18,16,50,Tierra Generosa,Rural
180140006,18,14,6,Colonia el Ahualamo,Rural
180200046,18,20,46,Lo de Marcos,Rural
180040564,18,4,564,El Refilión,Rural
180110015,18,11,15,Juan Escutia,Rural
180100036,18,10,36,El Tamarindo,Rural
180130015,18,13,15,Tepetiltic,Rural
180020034,18,2,34,Santa Isabel,Rural
180110010,18,11,10,Heroico Batallón de San Blas (La Noria),Rural
180120006,18,12,6,Boca del Asadero,Rural
180120013,18,12,13,La Culebra,Rural
180010016,18,1,16,El Tejón (El Cantón),Rural
190400010,19,40,10,Charco Blanco,Rural
190450551,19,45,551,Valle del Norte,Rural
190310357,19,31,357,Anzures,Rural
190420294,19,42,294,El Ayancual [Deportivo],Rural
190350050,19,35,50,Bicentenario,Rural
190420074,19,42,74,San Benito,Rural
50040007,5,4,7,Artesillas,Rural
50300210,5,30,210,San José del Alamito,Rural
50040082,5,4,82,El Poleo,Rural
190450551,19,45,551,Valle del Norte,Rural
190310357,19,31,357,Anzures,Rural
190410456,19,41,456,Valle de Santa María,Rural
190380016,19,38,16,El Alto,Rural
50060044,5,6,44,Presa de Chaires,Rural
190010046,19,1,46,Colinas del Fraile,Rural
190400008,19,40,8,Cinco de Mayo,Rural
190400008,19,40,8,Cinco de Mayo,Rural
200210031,20,21,31,Rancho Tablas de Reyes Carrizal (San Miguel),Rural
202780068,20,278,68,Playa Lecuona (Miguel Hidalgo),Rural
202780073,20,278,73,Nuevo Buenavista,Rural
200420002,20,42,2,La Josefina,Rural
204270002,20,427,2,Buenavista,Rural
200850034,20,85,34,El Recuerdo,Rural
205090009,20,509,9,San José Piedras Negras,Rural
200280002,20,28,2,El Arrogante Justo Benítez,Rural
200280042,20,28,42,La Escalera,Rural
120040016,12,4,16,San Miguel el Grande,Rural
204690066,20,469,66,La Luz Rahelle,Rural
301170028,30,117,28,Paso Amapa,Rural
200020020,20,2,20,La Junta,Rural
204590003,20,459,3,Lunatitlán del Progreso,Rural
203100019,20,310,19,Jardines del Tepeyac,Rural
205100010,20,510,10,Reyes Ixcatlán,Rural
202690009,20,269,9,Ignacio Zaragoza,Rural
200150003,20,15,3,Poblete,Rural
202490003,20,249,3,Boca del Río San Mateo,Rural
200430015,20,43,15,Parada San Vicente,Rural
204350005,20,435,5,Mosquito Blanco,Rural
200410124,20,41,124,Santa Catarina Buenavista,Rural
204060038,20,406,38,Zongolica,Rural
203960003,20,396,3,San Agustín Nuevo,Rural
301690032,30,169,32,La Guadalupe,Rural
201840123,20,184,123,La Unión,Rural
201840117,20,184,117,Pueblo Nuevo Ojo de Agua,Rural
201780002,20,178,2,Asunción Etla,Rural
200060014,20,6,14,Santiago Mitlatongo,Rural
200280008,20,28,8,La Noria de Ortiz,Rural
201100006,20,110,6,Yosocahua,Rural
204180008,20,418,8,San Cristóbal,Rural
201850008,20,185,8,La Culebra,Rural
202070030,20,207,30,La Esperanza,Rural
201980117,20,198,117,Plan de San Luis,Rural
201980025,20,198,25,Brena Torres,Rural
201980035,20,198,35,Colonia Istmeña (Sección el Zapote),Rural
201980022,20,198,22,El Triunfo,Rural
300910085,30,91,85,Juan de la Luz Enríquez,Rural
204270006,20,427,6,La Princesa (El Polvorín),Rural
202060008,20,206,8,Ciénega,Rural
202890003,20,289,3,Bramaderos San Nicolás,Rural
203510008,20,351,8,La Estancia,Rural
200150004,20,15,4,Las Salinas,Rural
200610007,20,61,7,Los Pocitos Monjas,Rural
205340003,20,534,3,San Isidro la Cañada,Rural
200590100,20,59,100,La Labor del Rosario,Rural
203250023,20,325,23,La Mancornada,Rural
205250005,20,525,5,Huanacastal,Rural
203870002,20,387,2,La Barda Paso de Piedras,Rural
200120026,20,12,26,El Alacrán,Rural
203010002,20,301,2,Colonia Guadalupe,Rural
204690009,20,469,9,Concepción Carrizal,Rural
200370020,20,37,20,La Soledad,Rural
200450003,20,45,3,San Isidro Catano,Rural
204090002,20,409,2,Güendulain,Rural
200280020,20,28,20,El Saúz,Rural
205490009,20,549,9,San Isidro Zaragoza,Rural
201880020,20,188,20,La Soledad,Rural
205090015,20,509,15,Piedra del Sol,Rural
200730116,20,73,116,El Carrizal de Galeana,Rural
203300024,20,330,24,Los Pinos [Colonia],Rural
202590002,20,259,2,La Luz Tenexcalco,Rural
204520003,20,452,3,San Sebastián Ocotlán,Rural
202440013,20,244,13,Inspectoría Independencia Guadalupe,Rural
203970013,20,397,13,Llano de Guadalupe,Rural
205650037,20,565,37,Ninguno,Rural
201760003,20,176,3,Estancia,Rural
202660121,20,266,121,Santa Catarina Jamixtepec,Rural
200680003,20,68,3,La Chilaíta,Rural
204810007,20,481,7,Yucubey de Cuitláhuac,Rural
203300012,20,330,12,Santo Domingo del Río,Rural
204940002,20,494,2,El Portezuelo,Rural
202740005,20,274,5,Río Minas,Rural
200270003,20,27,3,La Concepción,Rural
203390027,20,339,27,Santo Domingo Tlachitongo,Rural
201300002,20,130,2,Huamúchil,Rural
201430008,20,143,8,Cerro Grande,Rural
201430063,20,143,63,Cachimbo,Rural
201410075,20,141,75,Colonia 12 de Abril,Rural
201410085,20,141,85,Colonia Villanueva,Rural
204090002,20,409,2,Güendulain,Rural
200110002,20,11,2,San Antonio o las Mesas,Rural
205260032,20,526,32,Cañada de los Matus,Rural
203180010,20,318,10,La Reforma,Rural
202770035,20,277,35,San Sebastián de las Grutas,Rural
200390065,20,39,65,Saucitlán de Morelos,Rural
204550003,20,455,3,Santa Catarina Estancia,Rural
201840039,20,184,39,El Paraíso Zacatal,Rural
203850009,20,385,9,San Juan Bautista la Raya,Rural
202140002,20,214,2,Maninaltepec,Rural
203380003,20,338,3,Santo Domingo Barrio Alto,Rural
202780006,20,278,6,La Candelaria,Rural
202320019,20,232,19,Cerro de Oro,Rural
201660010,20,166,10,Cerro Flores,Rural
201660017,20,166,17,Leyes de Reforma,Rural
200440009,20,44,9,Desparramadero,Rural
204840005,20,484,5,Santa Ana Rayón,Rural
202070081,20,207,81,Los Raudales,Rural
202070010,20,207,10,San José de las Flores,Rural
203250021,20,325,21,El Porvenir,Rural
200570019,20,57,19,El Paguital,Rural
203640022,20,364,22,Santa María Yolotepec,Rural
204600004,20,460,4,San Juan del Río,Rural
201900168,20,190,168,Arroyo Venado,Rural
201980025,20,198,25,Brena Torres,Rural
204690042,20,469,42,Tinuma de Zaragoza,Rural
204690116,20,469,116,Santo Domingo del Progreso,Rural
204800004,20,480,4,Ignacio Allende las Huertas,Rural
203360016,20,336,16,San Martín Buenavista,Rural
200970003,20,97,3,Santo Domingo Yojovi,Rural
201880007,20,188,7,Agua Fría,Rural
203990006,20,399,6,La Soledad,Rural
203990028,20,399,28,La Cañadita,Rural
201640003,20,164,3,San Miguel Allende,Rural
202750025,20,275,25,Santa Margarita Huitepec,Rural
202780010,20,278,10,Cerro Tepexcuintle,Rural
202980004,20,298,4,Unión Zapata (Loma Larga),Rural
200390019,20,39,19,San Miguel Papalutla,Rural
200390064,20,39,64,San Francisco Yosocuta,Rural
205200004,20,520,4,San Juan Reyes,Rural
202080065,20,208,65,Yosonduu,Rural
200280018,20,28,18,Santa Cruz Nexila,Rural
200680015,20,68,15,San Pedro Guegorexe,Rural
202060002,20,206,2,Contlalco,Rural
203240237,20,324,237,San Pedro Cafetitlán,Rural
200950010,20,95,10,La Concepción,Rural
204070008,20,407,8,Santa Inés,Rural
200280011,20,28,11,Los Ocotes,Rural
201330002,20,133,2,Benito Juárez,Rural
203780003,20,378,3,San Mateo Mixtepec,Rural
204260002,20,426,2,San José Contreras,Rural
204260002,20,426,2,San José Contreras,Rural
201690005,20,169,5,El Tepeyac,Rural
200020058,20,2,58,Colonia Josefa Ortiz de Domínguez,Rural
203090026,20,309,26,Loma Coyol San Martín,Rural
201840042,20,184,42,Paso Rincón,Rural
202010002,20,201,2,Las Delicias,Rural
203810002,20,381,2,San José de la Pradera,Rural
204940005,20,494,5,Buena Vista,Rural
200330003,20,33,3,La Capellanía,Rural
205700003,20,570,3,San Nicolás Quialana,Rural
203970108,20,397,108,San Felipe Tindaco,Rural
200280017,20,28,17,San Matías Chilazoa,Rural
201380002,20,138,2,San Miguel Cajonos,Rural
200050057,20,5,57,Frente al Tecnológico,Rural
203240235,20,324,235,Los Naranjos Esquipulas,Rural
204530011,20,453,11,Barra de la Cruz,Rural
200230010,20,23,10,Manzano,Rural
202770031,20,277,31,San Cristóbal,Rural
201050007,20,105,7,San Isidro Monteverde,Rural
202750002,20,275,2,Chuxnabán,Rural
204390120,20,439,120,Arroyo Tres,Rural
204130050,20,413,50,Huatunalco (Barra de Huatunalco),Rural
70090046,7,9,46,La Gloria,Rural
200980027,20,98,27,Guadalupe (Barrio Guadalupe),Rural
205260101,20,526,101,San Isidro Campechero,Rural
200310007,20,31,7,Tierra Blanca,Rural
200330003,20,33,3,La Capellanía,Rural
200230034,20,23,34,Lomas de San Juan,Rural
202910005,20,291,5,Comitlán,Rural
201050007,20,105,7,San Isidro Monteverde,Rural
200590115,20,59,115,Sitio de Lachidoblas,Rural
202860004,20,286,4,Santiago Nuxaño,Rural
200590012,20,59,12,San Guillermo,Rural
200290005,20,29,5,Peña Colorada,Rural
203980002,20,398,2,Guegovela,Rural
201330004,20,133,4,Mier y Terán,Rural
202710003,20,271,3,Barranca Fierro,Rural
203970058,20,397,58,Cañada Candelaria,Rural
203510010,20,351,10,Barrio Oriente,Rural
200230041,20,23,41,Los Huertos [Colonia],Rural
205700011,20,570,11,Valdeflores,Rural
200720005,20,72,5,El Porvenir,Rural
201270003,20,127,3,Cabeza del Río,Rural
201100006,20,110,6,Yosocahua,Rural
200280018,20,28,18,Santa Cruz Nexila,Rural
203100002,20,310,2,Rancho de los Audelo,Rural
203850009,20,385,9,San Juan Bautista la Raya,Rural
201210006,20,121,6,La Unión Reforma,Rural
202780068,20,278,68,Playa Lecuona (Miguel Hidalgo),Rural
300910085,30,91,85,Juan de la Luz Enríquez,Rural
202650035,20,265,35,Benito Juárez (El Trébol),Rural
203240230,20,324,230,El Paraíso,Rural
201660004,20,166,4,Arroyo Frijol,Rural
205590069,20,559,69,La Trinidad (Hondura de Nanche),Rural
201660015,20,166,15,La Guadalupe,Rural
200090012,20,9,12,Plan Juan Martínez,Rural
200520033,20,52,33,Lázaro Cárdenas,Rural
205150051,20,515,51,Colonia San Luis,Rural
203830002,20,383,2,La Estancia,Rural
204940009,20,494,9,Cañada de Yukcimil,Rural
202770016,20,277,16,Nachihuí,Rural
201630003,20,163,3,Plan de Guadalupe,Rural
200310008,20,31,8,Tierra Caliente,Rural
200270003,20,27,3,La Concepción,Rural
205090013,20,509,13,Las Pilas,Rural
203240037,20,324,37,Xonene,Rural
200430025,20,43,25,Playa San Vicente,Rural
202620003,20,262,3,Llano Grande,Rural
200730116,20,73,116,El Carrizal de Galeana,Rural
205660008,20,566,8,El Sabino,Rural
203070018,20,307,18,Santa María,Rural
203400003,20,340,3,San Francisco Huapanapan,Rural
200390012,20,39,12,La Junta,Rural
200390055,20,39,55,San Sebastián Progreso,Rural
203860008,20,386,8,El Cucharal,Rural
200440022,20,44,22,Santa Sofía Monte Rosa,Rural
202050018,20,205,18,San José Río Manzo,Rural
202080009,20,208,9,Mesón de Guadalupe Primera Sección,Rural
200160018,20,16,18,Lázaro Cárdenas,Rural
200730119,20,73,119,San Jorge Río Frijol,Rural
200200008,20,20,8,Santa María Pueblo Nuevo,Rural
200730120,20,73,120,San Miguel Copala,Rural
200360017,20,36,17,El Porvenir,Rural
205150114,20,515,114,Santa María Nativitas Coatlán,Rural
201380002,20,138,2,San Miguel Cajonos,Rural
202980004,20,298,4,Unión Zapata (Loma Larga),Rural
202770068,20,277,68,El Carrizal,Rural
201330007,20,133,7,Ndoyonoyuji (Ciénega de Flores Amarillas),Rural
204140009,20,414,9,Santa María Chicometepec,Rural
200450006,20,45,6,La Libertad Xochimilco (Segunda Sección),Rural
205070016,20,507,16,Lagunillas,Rural
201900002,20,190,2,Arroyo Carrizal,Rural
201140003,20,114,3,San Jerónimo Zoochina,Rural
204850009,20,485,9,San Isidro,Rural
200850046,20,85,46,Santa María Bella Vista,Rural
204390006,20,439,6,Cerro Gordo,Rural
203470002,20,347,2,Cieneguilla,Rural
200100067,20,10,67,San Isidro,Rural
200790030,20,79,30,Colonia la Brecha,Rural
205530024,20,553,24,Santa Catalina de Sena,Rural
203180005,20,318,5,San Andrés Copala,Rural
202610022,20,261,22,Guadalupe Villahermosa,Rural
200680015,20,68,15,San Pedro Guegorexe,Rural
203970105,20,397,105,Mexicalcingo de los Granados,Rural
204200009,20,420,9,Rincón Hacienda Vieja,Rural
201640003,20,164,3,San Miguel Allende,Rural
200630002,20,63,2,Lomas de Nazareno,Rural
203650002,20,365,2,Benito Juárez,Rural
202980004,20,298,4,Unión Zapata (Loma Larga),Rural
203880002,20,388,2,El Carmen,Rural
202620002,20,262,2,Cuajimoloyas,Rural
203880005,20,388,5,La Lobera,Rural
204910003,20,491,3,El Frijol,Rural
201230003,20,123,3,San Jerónimo Tititlán,Rural
203780002,20,378,2,Emiliano Zapata,Rural
212080038,21,208,38,San Cristóbal Xochimilpa,Rural
130160010,13,16,10,Chacalapa,Rural
211200003,21,120,3,San Esteban Necoxcalco,Rural
211560100,21,156,100,Colonia Guadalupe,Rural
210060006,21,6,6,Tlayehualancingo (San Andrés),Rural
211140405,21,114,405,Conjunto Campestre Haras,Rural
211750008,21,175,8,Santo Domingo Tenantitla,Rural
210690011,21,69,11,El Paraíso,Rural
211480007,21,148,7,El Mirador,Rural
211750023,21,175,23,Pueblos Mágicos,Rural
210760071,21,76,71,El Progreso,Rural
212060017,21,206,17,San Mateo Mimiapan,Rural
210470026,21,47,26,Centeocala,Rural
210470026,21,47,26,Centeocala,Rural
210410025,21,41,25,Villa de los Ángeles,Rural
210820007,21,82,7,Santa Cecilia Clavijero,Rural
210150055,21,15,55,Conjunto Campestre Haras,Rural
210340020,21,34,20,Curitiba,Rural
211570007,21,157,7,Los Hornos de Zaragoza,Rural
211700009,21,170,9,Mancuernas (El Triunfo),Rural
211300003,21,130,3,San José Guerrero,Rural
210230010,21,23,10,Guadalupe Xochiloma,Rural
210510025,21,51,25,San Miguel Tecolacio,Rural
210850032,21,85,32,San Martín la Flor (La Flor Colorada),Rural
211220003,21,122,3,San Matías Atzala,Rural
211160025,21,116,25,Tlanepantla,Rural
211760005,21,176,5,Derramadero,Rural
211740045,21,174,45,Sección 23,Rural
130600009,13,60,9,La Cruz de Tenango,Rural
210100015,21,10,15,Huitzmaloc,Rural
210850009,21,85,9,San José las Bocas,Rural
301280007,30,128,7,La Gloria,Rural
211230007,21,123,7,Pachoc,Rural
210190052,21,19,52,La Sabana (San Juan la Sabana),Rural
211850002,21,185,2,Santo Domingo Ayotlicha,Rural
211970017,21,197,17,San Agustín Atlihuácan,Rural
130020003,13,2,3,La Bóveda,Rural
210390011,21,39,11,San José Río Bravo,Rural
120700006,12,70,6,Xihuitlipa,Rural
290040006,29,4,6,La Garita,Rural
211660015,21,166,15,El Pedregal,Rural
210510018,21,51,18,Pueblo Nuevo de Porfirio Díaz,Rural
210510019,21,51,19,San Isidro la Sábila,Rural
210710011,21,71,11,Cuautlita,Rural
210180003,21,18,3,Santiago Nopala,Rural
210830025,21,83,25,Oyametepec,Rural
210430009,21,43,9,Equimita,Rural
211520015,21,152,15,Colonia Benito Juárez,Rural
211480003,21,148,3,San Pablo Ahuatempa,Rural
211550007,21,155,7,Quicayán,Rural
211540006,21,154,6,Lomas de Romero,Rural
210650009,21,65,9,San José Buenavista,Rural
211540036,21,154,36,El Salado,Rural
210500003,21,50,3,Jesús María Acatla,Rural
211640016,21,164,16,San Mateo Parra,Rural
211660010,21,166,10,Xoyatla,Rural
211660010,21,166,10,Xoyatla,Rural
211040064,21,104,64,Rafael Lara Grajales,Rural
210700011,21,70,11,Tepanacitla (Guadalupe Tepanacitla),Rural
211220003,21,122,3,San Matías Atzala,Rural
211410006,21,141,6,San José Agua Zarca,Rural
210700002,21,70,2,Ahuatempan (San Lucas Ahuatempan),Rural
211440039,21,144,39,Moises Saba [Unidad Habitacional],Rural
211440039,21,144,39,Moises Saba [Unidad Habitacional],Rural
211490004,21,149,4,San José Monte Chiquito,Rural
211560179,21,156,179,Los Olivos,Rural
212150006,21,215,6,Santa Cruz,Rural
211530007,21,153,7,San Luis Ajajalpan,Rural
210690058,21,69,58,Emiliano Zapata (Colonia San Miguel),Rural
211760003,21,176,3,Cuexpala (San Bartolo Cuexpala),Rural
210670003,21,67,3,Guadalupe Buenavista (El Tecolote),Rural
210170007,21,17,7,San Nicolás (Animazco),Rural
211860061,21,186,61,Ilita,Rural
211990011,21,199,11,San José,Rural
210490014,21,49,14,San Lorenzo Tlaxipehuala,Rural
211840002,21,184,2,Ahuacatlaya,Rural
212070006,21,207,6,Cuacuilco,Rural
210170011,21,17,11,Tanhuixco,Rural
211130014,21,113,14,Loma Bonita,Rural
211560002,21,156,2,Rancho Cabras (San Salvador Otzolotepec),Rural
210100019,21,10,19,Vista Hermosa Zayulapa,Rural
211270007,21,127,7,Cañada Estaca,Rural
212130013,21,213,13,Ocomantla,Rural
210760060,21,76,60,Ejido Hueytamalco,Rural
211770015,21,177,15,San Lucas el Viejo,Rural
211860056,21,186,56,Acocogta,Rural
211770021,21,177,21,Tecaltzingo,Rural
210080006,21,8,6,Laguna Seca,Rural
210490013,21,49,13,Tlaxco (Santiago Tlaxco),Rural
210530017,21,53,17,Ixtlahuaca (Palancingo),Rural
210270013,21,27,13,Plan de San Miguel,Rural
211860100,21,186,100,Salvadorco,Rural
210360016,21,36,16,Xocotla,Rural
160310014,16,31,14,Molinos de Caballero,Rural
110060010,11,6,10,El Durazno,Rural
220020245,22,2,245,La Tinaja,Rural
220170204,22,17,204,Real del Ciervo [Fraccionamiento Campestre],Rural
110190073,11,19,73,El Rosario,Rural
110340021,11,34,21,Ortega,Rural
110340021,11,34,21,Ortega,Rural
110030121,11,3,121,El Herrero,Rural
220070265,22,7,265,Piedras Negras,Rural
230020108,23,2,108,Noh-Bec,Rural
240140077,24,14,77,Plan de los Jobos Segunda Sección,Rural
110430007,11,43,7,Álamos de Martínez,Rural
130460037,13,46,37,Nexpa,Rural
130340032,13,34,32,Xalcuatla,Rural
130340033,13,34,33,Xuchipantla,Rural
320070011,32,7,11,Los Encinos,Rural
320380019,32,38,19,Colonia Belisario Domínguez (Las Güeritas),Rural
250100625,25,10,625,Téroque Viejo,Rural
250100227,25,10,227,La Genoveva,Rural
250150003,25,15,3,Álamo de los Montoya,Rural
250140057,25,14,57,El Tablón Número Dos,Rural
250060330,25,6,330,La Estancia de Abajo,Rural
250010703,25,1,703,Cinco de Mayo,Rural
250171522,25,17,1522,El Amapal,Rural
250170244,25,17,244,Ruiz Cortines Número Tres,Rural
250170216,25,17,216,La Presita,Rural
250170511,25,17,511,Sanaria,Rural
250170638,25,17,638,Alfredo V. Bonfil (Siete Ejidos),Rural
250030856,25,3,856,San Nicolás del Sitio (Sitio de Arriba),Rural
250150008,25,15,8,Caitime,Rural
250030845,25,3,845,Jurisdicción de Arriba,Rural
250030743,25,3,743,La Majada de Arriba,Rural
250180523,25,18,523,Constituyentes de Sinaloa,Rural
250130019,25,13,19,Alhueycito,Rural
250110291,25,11,291,El Zopilote,Rural
250150006,25,15,6,Las Cabezas,Rural
250130132,25,13,132,Higuera de los Vega,Rural
250061684,25,6,1684,La Platanera (El Pizal),Rural
250063141,25,6,3141,Bachigualatito,Rural
20020258,2,2,258,Ejido Plan de Ayala,Rural
70740014,7,74,14,Macayo 3ra. Sección,Rural
270140054,27,14,54,Chiltepec (Sección Pénjamo),Rural
270060017,27,6,17,Cumuapa 1ra. Sección,Rural
70740016,7,74,16,Miguel Hidalgo,Rural
270020136,27,2,136,Santana 2da. Sección C,Rural
270060055,27,6,55,Reforma,Rural
270040150,27,4,150,Plátano y Cacao 4ta. Sección,Rural
270040150,27,4,150,Plátano y Cacao 4ta. Sección,Rural
270040079,27,4,79,Corregidora Ortiz 4ta. Sección,Rural
70740014,7,74,14,Macayo 3ra. Sección,Rural
70680102,7,68,102,Platanar Abajo 2da. Sección (Unidad Chiapaneca),Rural
270090010,27,9,10,Chichonal 1ra. Sección,Rural
270100039,27,10,39,Tierra Adentro 2da. Sección,Rural
270040035,27,4,35,Anacleto Canabal 3ra. Sección,Rural
270040286,27,4,286,Alvarado Santa Irene 2da. Sección (El Taizal),Rural
270150100,27,15,100,División del Norte,Rural
270010044,27,1,44,Mactún,Rural
70650064,7,65,64,Lindavista (Chiniquijá),Rural
280190383,28,19,383,El Ébano,Rural
240100062,24,10,62,Colonia Agrícola Ollitas de las Vacas,Rural
210830059,21,83,59,Minillas (La Garita),Rural
300730090,30,73,90,Nacaxtlito,Rural
300090183,30,9,183,Yerbabuena,Rural
300120019,30,12,19,Los Pinos (Buena Esperanza),Rural
301260138,30,126,138,Yucatán,Rural
300140035,30,14,35,Ignacio Zaragoza,Rural
300790011,30,79,11,Caltzontepec,Rural
300870124,30,87,124,La Haciendita,Rural
300580010,30,58,10,Ahuimol Tzimpiasco,Rural
300580339,30,58,339,Lindero Achupil,Rural
300830024,30,83,24,Huexotitla,Rural
301240018,30,124,18,Caristay,Rural
301110011,30,111,11,Nuevo Teapa,Rural
302060050,30,206,50,Democracia y Libertad,Rural
300510007,30,51,7,La Lima,Rural
300800024,30,80,24,Matlaquiáhuitl,Rural
300840062,30,84,62,Las Cuatas,Rural
300540003,30,54,3,Arroyo del Soldado (Arroyo del Obispo),Rural
300660009,30,66,9,El Ermitaño,Rural
301960017,30,196,17,Los Mangos,Rural
302080070,30,208,70,Tilapa,Rural
130280027,13,28,27,Coco Grande,Rural
130250040,13,25,40,Tecoluco Calpan,Rural
130280035,13,28,35,Cruztitla,Rural
130280050,13,28,50,Los Horcones,Rural
130250028,13,25,28,La Mesa,Rural
300350007,30,35,7,El Crucero,Rural
130010007,13,1,7,Buena Vista,Rural
301410174,30,141,174,Vista Hermosa II,Rural
300630048,30,63,48,Tamalcuatitla,Rural
130270033,13,27,33,San Ambrosio,Rural
210760057,21,76,57,El Mohón,Rural
301120094,30,112,94,Fraccionamiento de los 4 Soles,Rural
200570009,20,57,9,Colonia Gabriel Ramos Millán,Rural
301120094,30,112,94,Fraccionamiento de los 4 Soles,Rural
301010007,30,101,7,Loma Grande,Rural
301050040,30,105,40,Mata Ortiz,Rural
301870006,30,187,6,Piedras Grandes,Rural
302100121,30,210,121,Rafael Murillo Vidal,Rural
300820054,30,82,54,El Túnel,Rural
301660012,30,166,12,Vicente Guerrero (Tepetates),Rural
300660022,30,66,22,Poza Larga Zapotal,Rural
300690005,30,69,5,Carrillo Puerto (Santa Rosa),Rural
300690019,30,69,19,Paguas de Coronado,Rural
301000059,30,100,59,Curva del Paso Real,Rural
301480080,30,148,80,Puerta de Mata Anona,Rural
301010046,30,101,46,La Loma,Rural
130460015,13,46,15,El Cerro,Rural
300550029,30,55,29,Zapotitla,Rural
300320084,30,32,84,Perla de San Martín,Rural
301410036,30,141,36,Francisco I. Madero,Rural
300060003,30,6,3,Aguachinola,Rural
301240110,30,124,110,Tenixtepec,Rural
300100047,30,10,47,Colonia Ejidal Guadalupe Victoria,Rural
301160023,30,116,23,Ojapa,Rural
301440132,30,144,132,San Antonio,Rural
300190007,30,19,7,Choapa,Rural
300800005,30,80,5,Ixcapantla,Rural
301620004,30,162,4,Santa Rita,Rural
300100015,30,10,15,Lerdo de Tejada,Rural
300210012,30,21,12,Corral de Piedra,Rural
300480286,30,48,286,Fraccionamiento los Mangos,Rural
130780027,13,78,27,Xilico,Rural
202050066,20,205,66,José López Portillo,Rural
310930010,31,93,10,Ruinas de Aké,Rural
310940007,31,94,7,Chuchub,Rural
310500140,31,50,140,Yaxché Casares,Rural
311020655,31,102,655,Santa Eleuteria,Rural
310760002,31,76,2,Chinkilá,Rural
310140040,31,14,40,X-Akabchén,Rural
311020149,31,102,149,X-Cohuó,Rural
311020481,31,102,481,X-Bacab,Rural
311020631,31,102,631,Bolmay,Rural
311020174,31,102,174,Xocén,Rural
310810011,31,81,11,X-Cocmil,Rural
311010013,31,101,13,San Antonio Mulix,Rural
310480004,31,48,4,Chan Chocholá (Santa Eduviges Chan Chocholá),Rural
310260035,31,26,35,San Benito,Rural
310020010,31,2,10,Tepich Carrillo,Rural
310140013,31,14,13,Chebalam,Rural
310630004,31,63,4,San Antonio Tedzidz,Rural
310480010,31,48,10,Kanachén,Rural
310590009,31,59,9,San Ignacio,Rural
311010016,31,101,16,Ticimul,Rural
310760011,31,76,11,Sotuta de Peón,Rural
310930005,31,93,5,Euán,Rural
310480018,31,48,18,Santa Cruz,Rural
310980039,31,98,39,Xcobiakal (Xcobilakal),Rural
311010012,31,101,12,San Antonio Chum,Rural
310020011,31,2,11,Ticopó,Rural
310400004,31,40,4,Cuauhtémoc,Rural
310090003,31,9,3,San Antonio Xiat,Rural
310670046,31,67,46,Holactún,Rural
310940005,31,94,5,Chicán,Rural
310360012,31,36,12,San Isidro Ochil,Rural
310460065,31,46,65,Nuevo San Juan,Rural
310170083,31,17,83,Muchucuxcáh,Rural
310060002,31,6,2,X-Bec,Rural
310960050,31,96,50,San Lorenzo Chiquilá,Rural
310840003,31,84,3,Chenché de las Torres,Rural
310760003,31,76,3,Itzincab,Rural
310300076,31,30,76,Yaxché,Rural
310210024,31,21,24,Nuevo X-Habín,Rural
310500268,31,50,268,Oncán,Rural
310500090,31,50,90,Dzununcán,Rural
310340003,31,34,3,Sahcabá,Rural
310040010,31,4,10,Tixkuncheil,Rural
320230098,32,23,98,Mezquitera Norte,Rural
320100083,32,10,83,Las Catarinas,Rural
10040030,1,4,30,El Salero,Rural
320210014,32,21,14,Ventura (Buenaventura),Rural
320390004,32,39,4,Boquilla de Arriba,Rural
320080046,32,8,46,Colonia Río Verde,Rural
320100155,32,10,155,Órganos,Rural
320350012,32,35,12,Puerto de Juan Alberto,Rural
320350012,32,35,12,Puerto de Juan Alberto,Rural
320520061,32,52,61,La Puerta de Jalisco,Rural
320260250,32,26,250,Francisco Villa Uno,Rural
320100097,32,10,97,Emiliano Zapata (El Terreadero),Rural
100380009,10,38,9,San José de las Corrientes,Rural
320400017,32,40,17,Francisco I. Madero (San Isidro),Rural
140410007,14,41,7,Ciénega Grande,Rural
10020030,1,2,30,Lázaro Cárdenas,Rural
320380075,32,38,75,Jaltomate,Rural
320160061,32,16,61,Colonia Aurelio Pámanes Escobedo (El Socorro),Rural
